Billing_ID,Amount_Paid,Voucher_ID,Payment_ID,Order_ID
B1000,2000,V5,P10,O100
B1001,2000,V5,P11,O101
B1002,2000,V5,P12,O102
B1003,2000,V5,P13,O103
B1004,1700,V5,P14,O104
B1005,1700,V5,P15,O105
B1006,1700,V5,P16,O106
B1007,1700,V5,P17,O107
B1008,1600,V5,P18,O108
B1009,1600,V5,P19,O109
B1010,1600,V5,P20,O110
B1011,1600,V5,P21,O111
B1012,1600,V5,P22,O112
B1013,1600,V5,P23,O113
B1014,1500,V4,P24,O114
B1015,1500,V4,P25,O115
B1016,1500,V4,P26,O116
B1017,1500,V4,P27,O117
B1018,1500,V4,P28,O118
B1019,1500,V4,P29,O119
B1020,1500,V4,P30,O120
B1021,1200,V4,P31,O121
B1022,1200,V4,P32,O122
B1023,1200,V4,P33,O123
B1024,1200,V4,P34,O124
B1025,1200,V4,P35,O125
B1026,1200,V4,P36,O126
B1027,1000,V3,P37,O127
B1028,1000,V3,P38,O128
B1029,1000,V3,P39,O129
B1030,1000,V3,P40,O130
B1031,1000,V3,P41,O131
B1032,1000,V3,P42,O132
B1033,1000,V3,P43,O133
B1034,1000,V3,P44,O134
B1035,1000,V3,P45,O135
B1036,1000,V3,P46,O136
B1037,1000,V3,P47,O137
B1038,1000,V3,P48,O138
B1039,1000,V3,P49,O139
B1040,1000,V3,P50,O140
B1041,1000,V3,P51,O141
B1042,1000,V3,P52,O142
B1043,900,V3,P53,O143
B1044,900,V3,P54,O144
B1045,900,V3,P55,O145
B1046,600,V2,P56,O146
B1047,600,V2,P57,O147
B1048,600,V2,P58,O148
B1049,600,V2,P59,O149
B1050,600,V2,P60,O150
B1051,600,V2,P61,O151
B1052,600,V2,P62,O152
B1053,600,V2,P63,O153
B1054,600,V2,P64,O154
B1055,400,V2,P65,O155
B1056,400,V2,P66,O156
B1057,400,V2,P67,O157
B1058,400,V2,P68,O158
B1059,400,V2,P69,O159
B1060,300,V1,P70,O160
B1061,300,V1,P71,O161
B1062,300,V1,P72,O162
B1063,300,V1,P73,O163
B1064,300,V1,P74,O164
B1065,200,V1,P75,O165
B1066,200,V1,P76,O166
B1067,200,V1,P77,O167
B1068,200,V1,P78,O168
B1069,200,V1,P79,O169
B1070,200,V1,P80,O170
B1071,200,V1,P81,O171
B1072,200,V1,P82,O172
B1073,100,V1,P83,O173
B1074,100,V1,P84,O174
B1075,100,V1,P85,O175
B1076,100,V1,P86,O176
B1077,100,V1,P87,O177
B1078,100,V1,P88,O178
B1079,100,V1,P89,O179
B1080,50,V1,P90,O180
B1081,50,V1,P91,O181
B1082,50,V1,P92,O182
B1083,50,V1,P93,O183
B1084,50,V1,P94,O184
B1085,50,V1,P95,O185
B1086,50,V1,P96,O186
B1087,50,V1,P97,O187
